Word,Frequency
0230,2
0400,6
0430,2
10,1304
100,820
100bn,2
1027,5
108,47
11,587
110,78
111,18
112,16
1122,6
11km,1
12,607
120,165
122,16
13,483
133,61
14,517
15,680
155,25
159,15
16,405
166,3
168,9
16th,40
17,438
170,87
18,672
1800s,5
1864,1
187,4
19,323
1930s,2
1961,54
1978,13
1979,107
1980s,77
1982,22
1990,24
1991,41
1994,85
1996,43
1997,96
1999,103
19th,44
20,1047
200,332
2000,81
2002,48
2006,186
2008,79
2011,119
2013,230
2014,250
2015,242
2016,473
2017,308
2018,524
2019,510
2020,692
2021,731
2022,1417
2023,1098
2024,803
2025,147
2027,46
2050,19
21,373
2130,2
21st,39
22,328
23,330
24,508
24th,15
25,500
26,248
27,285
28,247
29,200
30,847
300,316
31,211
32,122
326,14
33,157
34,248
35,216
350,25
36,132
363,2
365,7
37,160
370,44
373,2
38,138
40,558
400th,1
403,5
42,161
425,24
43,125
439,1
44,125
45,239
469,7
47,163
48,103
49,133
50,671
500,221
51,78
52,84
52nd,2
55,70
550,13
56,88
57,66
58,95
59,87
60,510
600,106
61,114
620,7
645,12
65,122
66,40
68,51
6am,8
70,251
700,68
70th,1
71,142
72,86
73,37
75,165
77,77
770,1
789,3
7th,29
81,71
87,33
875,3
90,239
900,38
950,1
99,39
aap,5
abc,75
abdomen,33
abdominal,46
abducted,173
abducting,27
abduction,105
abductor,4
abdul,97
abdulla,8
abdullah,104
able,711
aboard,137
abortion,212
abroad,275
abrogated,2
abruptly,64
absence,229
absolute,61
absolutely,152
abu,262
academic,254
academy,102
accelerate,31
accelerated,79
accept,271
acceptable,84
accepted,273
access,812
accident,442
accommodating,2
accompanied,177
accomplice,20
according,5117
account,678
accountability,261
accountant,30
accounted,57
accounting,58
accuracy,18
accurate,45
accused,1399
accusing,280
achieve,288
achieved,156
achievement,126
achieving,131
acknowledge,96
acknowledged,343
acknowledging,84
acknowledgment,26
act,1051
acted,98
acting,185
action,2245
activated,38
activating,4
active,364
actively,155
activist,728
activity,1208
acute,77
adaptation,35
adapted,19
adaptive,8
adapts,15
adb,6
add,170
added,1650
adding,1153
addition,317
additional,756
additionally,253
address,975
addressed,275
addressing,342
aden,128
adequate,51
adhering,23
adidas,10
adjacent,51
adjustment,92
administering,7
administration,1418
admiral,95
admitted,261
adopting,34
adrienne,2
adult,323
advance,296
advanced,486
advancement,173
advancing,149
advantage,248
adversary,116
advertising,81
advice,102
advised,186
adviser,255
advisory,128
advocate,258
aerial,319
aerospace,82
affair,944
affect,213
affected,636
affiliation,18
affirmed,88
afford,83
affordable,53
afghan,409
afghanistan,1073
afp,992
afraid,87
africa,577
african,342
aftermath,130
afternoon,287
age,483
aged,263
agency,3672
agenda,233
agent,423
aggression,250
aggressive,184
aggressively,53
agile,8
ago,733
agreed,755
agreement,1532
agriculture,204
ahead,996
ahl,1
ahmadiyya,33
ahmed,242
ahouthi,1
ai,650
aid,2077
aide,166
aiding,65
aim,681
aimed,794
aiming,214
air,2306
airborne,52
aircraft,1207
aired,75
airline,622
airport,1072
airspace,198
airstrike,139
airstrikes,140
akhundzada,18
akin,34
akira,1
al,473
alarm,101
alarming,98
alarmingly,9
albanese,184
alcohol,147
alert,348
alerted,74
alexei,27
ali,608
alienate,7
align,72
aligning,55
aligns,63
alive,187
allah,15
allegation,793
alleged,1168
allegedly,557
alleviate,40
alliance,763
allied,166
allium,2
allow,702
allowed,567
allowing,412
allows,189
allure,12
ally,1445
alongside,432
alright,3
alter,46
altering,31
altitude,119
aluminum,7
ambassador,578
ambition,134
america,1032
american,1675
amid,913
amidst,363
amir,80
amiss,7
amman,23
ammunition,254
amnesty,167
amplified,19
amy,22
anaemic,2
analysis,172
analyst,584
analyze,14
analyzes,4
ancient,171
anderson,33
andy,43
anger,127
angle,13
angry,191
ani,73
animosity,23
annex,38
annexe,3
annexed,65
anniversary,358
announce,119
announced,1727
announcement,665
announcing,140
annoying,1
annual,427
anonymously,18
anouk,1
answer,206
antalya,1
antenna,15
anthony,111
anticipate,32
anticipated,204
anticipates,19
anticipation,28
antonio,149
anwar,62
anybody,64
ap,307
ap1000,1
apart,186
apartment,205
apologetic,3
apologise,23
apology,92
app,226
apparatus,39
appeal,588
appealed,120
appear,328
appearance,351
appeared,650
appearing,69
appears,376
appease,13
application,406
applies,52
appointed,235
appointee,8
appointment,176
appreciate,38
apprehend,33
approach,597
approached,143
approximately,696
apr,45
april,1927
aqaba,2
arab,332
arabia,586
arad,1
arakan,111
arbil,2
arbitrary,35
archenemy,1
archipelago,117
architect,31
area,3378
argentinian,3
argue,228
argued,327
argument,253
ariel,8
aries,16
arisen,21
arising,9
arizona,166
arm,888
armed,1055
army,1676
arranged,68
arrangement,199
array,111
arrest,1338
arrested,1371
arrival,341
arrived,589
arriving,194
arrow,24
arsenal,101
article,395
artificial,316
artillery,341
arvind,14
ary,373
asad,34
asean,15
ashlee,6
ashok,4
asia,614
asian,350
asked,1125
aspect,141
aspiration,98
assailant,121
assassinated,25
assault,907
assaulted,63
assaulting,54
assembled,54
assembly,725
asserted,175
assertion,126
assertive,65
assertiveness,39
assessment,244
asset,527
assist,138
assistance,689
assistant,211
assisted,62
assisting,106
associate,159
associated,452
association,310
assume,37
assuming,78
assumption,64
assured,251
asylum,298
athletics,2
atmosphere,177
atrocity,81
attack,5454
attacked,619
attacker,255
attacking,185
attempt,912
attempted,339
attempting,227
attend,465
attended,327
attendee,52
attending,215
attention,533
attitude,94
attorney,444
attracted,49
attribute,62
attributed,180
aug,29
august,244
aurangzeb,76
aurman,6
austin,295
australia,698
australian,516
austrian,22
authoritarian,63
authority,3185
autocratic,14
automatic,72
automobile,4
autonomous,71
autumn,31
availability,18
available,317
avdiivka,27
avenge,6
avenue,61
average,286
averaging,19
averted,28
aviation,273
aviv,163
avoid,558
avoided,87
avoiding,84
awaiting,75
aware,276
away,1138
awkward,26
axe,14
axios,32
axis,25
ayatollah,96
azhar,23
baalbek,7
babel,4
baby,188
backbench,7
backed,263
background,143
backing,189
backlash,83
backroom,6
backyard,32
bad,252
badly,88
bag,138
baghdad,72
bagheri,29
bahawalnagar,8
bailout,175
bakhmut,21
bakhsh,3
balance,246
balanced,51
balancing,61
balitsky,4
ballistic,365
ballot,161
balochistan,375
baluchistan,42
ban,680
band,39
bangkok,203
bank,1226
banned,319
banner,131
bar,285
barged,7
barrage,152
barrel,119
barricade,95
barrier,179
bart,2
base,930
based,864
bashar,17
basic,179
basically,42
basij,5
basis,192
bathing,13
battered,70
battery,179
battle,459
battled,65
battleground,68
battling,63
bayer,4
bbc,267
beach,265
beam,13
bear,183
bearing,59
beast,36
beat,66
beaten,52
beating,37
beautiful,71
bed,102
bedouin,7
beer,40
began,1190
beggar,3
begin,352
beginning,271
begun,195
behalf,157
behavior,169
behaviour,112
beijing,2057
beirut,61
belarus,130
belief,406
believe,694
believed,499
bellamy,1
bellwether,7
belonging,149
belt,197
benchmark,49
beneficial,40
benefit,402
benjamin,477
beran,4
berkeley,41
berlin,221
berwick,1
best,391
betrayal,30
betraying,8
better,537
betting,70
bezos,45
bhoon,1
biblical,10
bid,313
biden,3939
bifida,1
bifurcating,2
big,441
bigger,138
biggest,496
bilateral,713
bilaterally,8
billed,16
billion,2348
bin,194
birth,157
bisham,5
bite,38
bjp,112
black,527
blacklisted,30
blackstone,11
blade,29
blame,132
blamed,225
blaming,68
blank,25
blast,155
bleeding,25
blend,11
block,312
blockade,73
blocked,246
bloodshed,21
bloody,82
bloomberg,110
bloombergnef,1
blunt,25
bmc,2
board,683
boarded,44
boarding,23
boasted,29
boat,721
bob,31
body,1369
boisterous,1
bolivia,10
bolster,202
bolstered,61
bolstering,99
bomb,630
bombing,264
bond,148
bondi,21
bonus,39
boogie,2
book,319
boom,41
boon,8
boost,332
border,1954
bordering,36
bore,21
borick,2
boris,62
born,224
borrego,1
borwornphop,4
bosch,2
bothered,22
bounty,15
bourse,2
bowed,19
bowler,10
box,115
boy,324
bracelet,13
brady,4
brain,139
branch,128
branded,34
brandished,13
brandon,11
bravely,9
bravery,36
brazen,11
breach,170
breaching,34
break,397
breakaway,23
breakdown,30
breakthrough,65
brent,13
brexit,95
brick,32
bridge,381
bridget,3
brief,225
briefed,59
briefing,229
briefly,113
brigade,99
brigadier,74
bring,845
bringing,324
brings,75
brink,71
brisbane,25
britain,1340
british,1612
briton,45
broadcast,203
broadcaster,286
broader,626
broadly,66
broke,387
broken,180
brokering,5
bronzefield,1
brother,484
brought,613
brussels,416
brutal,109
brutally,26
buck,9
buckingham,156
budget,392
bugti,4
build,346
building,1278
built,405
bulk,50
bulked,4
bullet,148
bunch,12
buner,11
bunker,30
bureaucracy,45
bureaucratic,20
burial,33
burkina,48
burn,157
burst,102
bus,322
bushehr,2
busiest,46
business,1335
bustling,38
busy,107
butt,49
buy,177
bystander,17
ca,383
cabin,85
cabinet,588
cable,47
cachalia,1
cadre,8
cafe,44
calamity,18
calder,1
california,583
called,2149
calling,812
calm,168
came,1642
camera,197
cameron,148
camilla,76
camp,865
campaign,2148
campaigner,72
canada,715
canal,69
canberra,124
cancel,69
canceled,52
cancellation,91
cancelled,102
cancer,435
candid,41
candidate,1012
cannabis,101
cannon,169
canton,65
cantonsonalika,1
canuck,1
capability,877
capable,171
capacity,331
capital,1040
capitalize,31
capitalized,4
capitol,88
capri,53
capsized,45
captive,120
capture,145
captured,417
car,752
carbon,109
card,261
cardboard,15
cardiac,26
care,433
cared,15
career,213
cargo,257
carl,15
carried,593
carrier,466
carry,485
carrying,663
carving,7
case,3312
casey,16
cash,193
casualty,476
catalyse,2
catastrophe,50
catching,13
categorically,26
catherine,99
catholic,86
cauchi,32
caught,260
cause,704
caused,900
causing,572
caution,92
cautioned,113
cautioning,17
cave,57
cctv,91
cease,101
ceasefire,856
celebrated,115
celebrating,87
celebration,217
cell,166
celsius,222
cent,775
center,793
central,1501
centralised,5
centre,624
centred,16
century,215
ceo,290
ceremony,563
certainly,135
certificate,46
certification,26
certified,32
certify,25
cessation,77
chad,46
chain,145
chakra,2
chakrabarty,2
challenge,1636
challenged,167
challenger,65
challenging,343
chance,352
chancellor,150
chang,141
change,1835
changed,250
changer,2
changing,152
channel,522
chant,54
chaos,211
chaotic,77
chapter,85
charai,2
charge,1464
charged,598
charity,133
charle,2
charles,666
charter,98
chartered,23
chasing,6
chasiv,62
chaus,1
chauvinism,1
cheap,47
cheaper,39
check,224
checked,24
checkpoint,47
cheering,47
chemerinsky,2
cherished,24
chest,67
chicago,123
chief,1767
child,2414
china,8959
chinatown,3
chinese,4372
choice,301
chongqing,19
choose,129
choosing,62
chris,81
christian,357
christmas,45
christopher,86
circle,96
circuit,34
circulated,77
circulating,48
circumstance,234
circumvent,33
circus,6
cissy,1
cited,295
citing,640
citizen,916
citizenship,102
city,3566
civil,772
civilian,1935
claim,1632
claimed,1093
claiming,228
clampdown,22
clandestine,29
clarification,19
clarified,135
clash,396
clasped,1
class,355
clean,199
clear,1170
clearly,203
clerical,24
clerkenwell,1
climate,1180
climbing,97
clinch,7
clinic,45
clinton,71
clip,139
clive,11
clock,49
close,1125
closed,454
closely,485
closer,244
closest,127
closure,138
clothes,92
clothing,85
clown,14
cm,30
cnn,367
coachella,12
coast,976
cockpit,10
code,120
codeveloping,1
coerced,49
coercing,6
coffee,70
coin,46
coincide,22
coincides,63
coinciding,68
collaborate,42
collaboration,313
collaborative,67
collapse,254
colleague,151
collecting,48
collection,178
college,550
collins,26
colonel,140
colony,80
colorado,27
colored,2
columbia,752
columnist,23
comatose,2
combat,470
combating,38
combing,11
come,2466
comeback,30
coming,643
command,437
commandant,1
commander,388
commando,21
commenced,59
commended,55
comment,1187
commentator,79
commented,163
commercial,474
commission,956
commissioner,349
commit,136
commitment,762
committed,534
committee,771
common,479
commonwealth,92
commotion,4
communication,616
communist,214
community,1719
company,2380
comparatively,18
compare,22
compared,424
comparison,97
compensate,25
compensation,132
competition,201
competitive,109
complemented,12
complete,330
complex,437
complexity,101
complicated,63
component,182
compound,191
compounding,14
comprehend,7
comprehension,4
comprehensive,292
comprised,31
comprises,18
compromise,79
compromised,142
computer,226
conceivably,8
concern,2234
concerned,386
concerning,184
concerted,16
concise,13
concluded,205
conclusion,134
concrete,126
condemn,77
condemnation,127
condemned,536
condemning,86
condition,1245
condolence,226
conduct,443
conducted,570
conducting,285
conference,903
confidence,281
confirm,168
confirmed,1006
conflagration,7
conflict,2217
conflicting,35
confront,59
confronted,66
confusion,55
congratulation,52
congratulatory,10
congress,591
congressional,146
conjoined,4
connected,116
connecting,77
connection,387
connectivity,134
consecutive,121
consent,26
consequence,305
conservative,1397
considerable,113
considerably,24
considered,477
considering,222
consisted,12
consistently,165
consisting,40
conspicuous,8
conspiring,49
constant,107
constitution,288
constitutional,163
constraint,37
constructing,17
construction,374
constructive,85
consular,105
consulate,142
consulted,14
consumed,44
consumer,214
contact,355
contacted,82
contain,74
contained,102
containing,134
contemporary,60
content,286
contentious,185
contest,118
continuation,29
continue,1545
continued,722
continues,634
continuing,293
continuous,84
continuously,72
contract,211
contracted,30
contractor,57
contractual,15
contrast,229
contribute,112
contributed,126
contributing,122
contribution,176
control,1368
controversy,206
convene,26
convened,37
convention,151
conventional,62
conversation,266
conversion,28
convert,26
convicted,446
conviction,375
convince,61
convoy,103
cooke,24
cooling,47
cooperate,137
cooperation,1092
coordinate,55
coordinated,122
coordination,139
cop,68
cop28,12
cope,31
coping,16
coral,37
core,235
cornered,6
cornerstone,13
cornwall,10
corp,220
corporate,94
corporation,129
correct,52
correspondent,91
corresponding,15
corridor,267
corrupt,34
corruptly,8
cost,851
council,1150
count,332
counter,261
counterattack,34
countering,62
counterpart,341
counterweight,3
counting,25
country,8468
county,496
coup,158
couple,478
coupled,52
courage,45
courageous,18
course,434
court,4148
courtesy,28
courtyard,31
cover,337
coverage,112
covering,153
covert,42
cpec,306
cpj,2
cplc,2
cpr,15
crack,126
cranking,12
crashed,253
create,396
created,286
creates,42
creativity,7
creature,15
credit,185
credited,42
creeping,2
crew,814
crime,1138
criminal,1102
criminalise,3
criminalize,8
crippled,14
crisis,896
criterion,58
critic,418
critical,851
critically,106
criticism,556
criticized,347
criticizing,78
cross,239
crossed,195
crossing,708
crowd,281
crowing,1
crown,224
crucial,646
cruise,133
crush,32
crypto,28
cuba,92
cuban,13
cubic,32
cui,4
culprit,16
cultivated,7
cultivation,5
cultural,258
culture,241
cup,105
curb,189
curiosity,15
currency,238
current,1068
currently,954
custody,363
cut,724
cyber,216
cycle,103
cyril,23
dacoit,14
dadoo,1
daesh,14
daily,833
dalian,2
dallas,71
dam,104
damage,868
damaged,392
damascus,82
damen,2
danger,299
dangerous,602
daniel,742
daoud,8
daphi,1
darfur,56
dark,101
darker,11
darkness,18
dastgir,1
dasu,40
data,882
date,494
dating,104
daughter,340
dave,20
david,382
dawn,481
day,4420
dci,1
dead,859
deadline,150
deadly,403
deal,1612
dealing,168
dean,51
death,2321
debashis,2
debate,576
deborah,7
debris,236
debt,639
decade,904
decayed,1
deceased,239
deceit,3
december,364
decide,229
decided,448
decision,1858
decisive,115
declare,76
declared,519
declassified,3
decline,226
declined,338
declinespennsylvania,1
declining,89
decoupling,6
decrease,102
decreased,59
decreasing,17
decree,76
dedication,90
deem,17
deemed,178
deeming,8
deep,441
deepen,110
deepening,164
deeply,293
defeat,225
defection,24
defence,2255
defend,375
defendant,200
defense,1907
defensive,138
defiance,38
deficit,84
defied,28
defined,56
definitive,24
defraud,13
defrauded,5
defusing,3
degrade,22
degree,489
delay,421
delaying,46
delegation,358
deleted,26
delhi,3699
deliberately,94
delicate,64
deliver,205
delivered,222
delivering,142
delivery,476
deluge,19
demand,881
demanded,288
demanding,336
democracy,535
democrat,374
democratic,951
demographic,32
demonstrate,126
demonstrated,124
demonstration,504
demonstrator,467
deniability,3
denial,85
denied,561
denounced,151
denouncing,30
dented,10
deny,53
depart,38
department,1766
depend,70
dependence,71
dependency,26
depending,26
deplore,5
deployed,439
deploying,118
deployment,386
deportation,198
deported,55
deposed,12
deposing,2
depreciation,1
depth,156
deputy,812
dera,49
derives,5
derogatory,36
descended,39
described,920
describing,189
desert,92
deserves,14
design,182
designate,10
designated,176
designed,409
designer,13
desirable,3
desire,245
desperate,111
desperately,45
despite,1664
despot,1
destabilising,49
destabilize,31
destination,180
destroy,173
destroyed,449
destroying,141
detailed,252
detained,491
detainment,2
detect,101
detective,59
deter,113
deteriorated,87
deteriorating,53
determination,122
determine,269
deterrence,79
detonate,4
detrimental,23
devaluation,65
devastating,223
develop,245
developed,256
developing,299
development,1701
devil,28
devised,21
devoted,29
dhabi,105
diagnosed,71
diagnosis,156
dialogue,625
diaper,3
die,100
died,1117
difference,351
different,640
difficult,494
digital,209
dignity,73
dika,2
diligently,19
dimona,2
diplomacy,194
diplomat,366
diplomatic,772
direct,566
directed,302
direction,245
directly,384
director,878
disadvantage,24
disagree,61
disapproval,36
disapproves,1
disaster,596
disbelief,27
disclosed,228
disclosure,76
disconnect,13
discontent,102
discounted,7
discourse,28
discovered,355
discreet,11
discretion,18
discriminating,2
discrimination,101
discus,463
discussed,364
discussing,110
discussion,815
disease,191
dislocation,1
dismantle,101
dismantled,99
dismissed,337
dismissing,39
disorder,75
dispatched,68
dispatcher,8
displaced,448
displacement,105
displayed,88
disproportionate,31
dispute,349
disputed,234
disrespecting,2
disrupt,129
disrupted,119
disruption,233
dissatisfaction,47
dissent,160
dissolving,10
distance,168
distinct,45
distinctive,30
distress,116
distributed,84
distribution,169
district,1413
disturbance,62
divided,105
division,285
divisive,54
doctor,342
document,561
documentary,97
documented,106
dollar,419
dome,116
domestic,564
dominance,100
dominant,45
dominican,32
donald,879
donetsk,139
donnie,1
door,236
double,143
doubled,73
doubt,172
downbeat,1
downed,77
downgraded,13
downing,84
downpour,108
downside,11
downtown,89
dozen,761
dprk,51
draft,315
dragging,33
dragon,83
dragonfire,16
drama,65
dramatic,112
draw,217
drawing,135
drawn,208
dread,3
dredging,20
dressed,61
drew,169
drifting,6
drill,412
drive,236
driven,248
driver,376
drone,1480
drop,244
dropped,206
drove,79
drowned,37
drownings,3
drug,651
dual,68
dubai,595
dubbed,72
duering,4
dullah,1
duly,9
dulyapak,5
dustin,1
duty,426
dynamic,257
eagerness,15
earlier,1535
earliest,50
early,1495
earlyvotedone,2
earning,42
earnings,44
earth,431
earthquake,191
ease,100
easier,74
east,1248
eastern,681
eat,75
ebey,2
ebrahim,201
echo,88
echoed,98
echoing,19
economic,2399
economically,86
economics,71
economist,204
economy,1163
edge,209
edged,6
editor,65
editorial,47
educated,14
education,546
educational,151
effect,478
effective,214
effectively,290
efficiency,46
efficient,33
effort,2214
egypt,560
egyptair,2
egyptian,336
eid,159
ejected,13
elaborate,50
elderly,180
elect,66
elected,384
election,4151
elector,22
electoral,316
electorate,62
electric,297
electronic,100
electronically,5
element,139
elephant,41
elevated,85
eliason,9
eligible,152
elimination,14
elite,166
elta,4
email,137
embarked,44
embassy,796
embattled,45
embrace,33
embraced,55
embryo,4
emerged,275
emergency,952
emerging,142
emirate,218
emirati,13
emission,136
emmanuel,281
emotional,70
emphasised,199
emphasize,60
emphasized,718
emphasizes,51
emphasizing,280
employed,113
employee,461
employing,32
employment,209
empower,11
en,79
enabled,19
enabling,102
enact,20
encouraged,116
end,1891
endangers,7
endeavor,50
ending,220
endorsed,112
endorsement,66
endured,76
enduring,111
enemy,307
energoatom,2
energy,1179
enforce,115
enforced,174
enforcement,579
eng,6
engage,370
engaged,363
engagement,320
engaging,173
engine,207
engineer,225
engineered,18
england,763
english,222
engulfed,48
enhance,257
enhanced,87
enhances,17
enhancing,180
enjoy,88
enjoyable,3
enjoyed,38
enmity,8
enshrine,7
ensuing,33
ensure,966
ensures,35
ensuring,236
entangled,6
enter,280
entered,374
enters,33
entire,457
entirely,101
entity,256
entrance,87
entrepreneur,58
environment,392
environmental,185
envision,4
envoy,186
epicentre,34
episode,94
equality,131
equally,37
equates,14
equipment,435
equipped,138
equivalent,86
era,196
eradicate,35
erik,8
eroded,31
erratically,5
erroneous,4
error,95
ersson,2
erupted,262
erwin,2
escalate,103
escalated,185
escalating,398
escalation,406
escalator,1
escalatory,25
escape,114
escaped,43
especially,661
espionage,217
essential,311
established,362
establishing,104
establishment,227
estate,185
estimated,377
ethnic,211
ethnicity,24
ethos,6
eu,1084
euro,252
eurobonds,2
europe,1016
european,1697
europol,11
evacuate,223
evacuated,242
evangelical,18
evening,463
evenly,9
event,1709
everyday,39
evidence,751
evident,57
evil,53
evoke,6
evoked,12
evolving,122
exacerbated,118
exacerbating,99
exact,146
exactly,113
examined,50
exceeding,81
exception,58
exceptionally,32
exchange,801
exchanged,103
exchequer,22
exclude,33
excluding,38
exclusive,86
executed,65
executing,36
execution,94
executive,532
exemplifies,8
exercise,546
exercising,34
exert,44
exerted,3
exim,19
existence,86
existing,247
exit,127
expand,250
expanded,152
expansion,197
expect,202
expectation,150
expected,1873
expects,97
expediting,4
expedition,49
expelled,51
expelling,17
experience,511
experienced,344
expert,794
expired,17
explain,111
explained,251
explaining,63
explains,55
exploit,87
exploitation,103
explore,104
explosion,408
explosive,237
export,736
exposure,76
express,344
expressed,1540
expressing,198
expression,176
expulsion,65
expunging,1
extend,169
extended,521
extending,123
extends,60
extension,121
extensive,310
extensively,42
external,592
extortion,40
extracted,12
extradition,105
extraordinary,101
extreme,509
extremely,225
extremism,94
extricating,4
eye,353
eyewitness,39
fabian,4
face,1690
facebook,151
faced,898
facilitator,32
facility,736
facing,659
fact,341
facto,60
factor,281
fail,73
failed,480
failing,218
failure,322
fair,234
fairer,19
fake,190
fall,408
falling,221
fallout,43
false,207
falsely,74
fame,28
famed,38
familial,10
familiar,187
familiarization,3
family,3061
famine,109
famous,109
fan,158
far,1301
farage,232
faraz,28
farm,196
farouq,2
fascism,9
fashion,59
faso,44
fast,123
fatal,110
fatalism,1
fatality,212
fatally,68
father,582
faulty,31
favor,153
favorability,5
favored,27
favoring,18
favour,130
faxian,2
fcdo,32
fear,677
feared,132
fearing,67
feasibility,21
feature,185
featured,62
february,775
federal,979
feedback,30
feel,369
feeling,189
fell,298
fellow,208
felt,285
female,344
ferdinand,61
fertile,4
festival,105
festivity,41
fewer,92
fiance,3
field,465
fiercer,3
fifth,193
fight,617
fighter,716
fighting,924
figure,736
filled,133
filling,39
filming,22
final,669
finance,515
financial,1067
financing,147
finding,390
fine,251
finish,86
finishing,20
fir,72
fired,466
firing,152
firm,619
firmly,88
fiscal,262
fischer,31
fitted,12
fivethirtyeight,1
fix,45
fixated,1
flag,368
flagged,31
flaring,5
flaw,10
fled,381
flee,196
fleeing,134
flew,161
flexibility,44
flight,1571
flipped,8
floated,16
flock,17
flocked,22
flood,636
flooded,103
floral,9
florida,280
flower,65
flown,60
flyer,30
flying,258
focal,50
focus,722
focusing,159
foe,33
foil,3
foiled,47
follow,227
followed,517
following,2221
follows,302
food,1190
foot,496
footage,427
foray,5
force,4259
forced,577
forcibly,105
forcing,229
ford,77
forebear,1
forecast,223
foreign,3757
foreshadow,1
forestall,1
forever,66
forfeit,3
forget,42
forgotten,26
form,530
formal,287
formally,177
formed,193
forming,66
formula,21
fortification,6
fortifying,12
forward,590
foster,113
fostering,111
fought,142
founded,141
founder,524
fourth,240
fox,122
fragility,13
fragman,2
framework,184
france,1040
francis,198
franklin,8
fraud,244
free,947
freed,131
freedom,710
freely,64
freezing,36
french,968
frenzy,9
frequency,69
frequent,176
frequently,196
freshly,1
friday,2741
friend,626
friendly,131
friendship,160
frigate,31
frontier,83
frontline,103
fruition,12
frustration,161
ft,9
fuel,565
fueling,27
fuelled,57
fujairah,4
fulfil,15
fulfill,52
fully,446
fumio,46
function,92
functioning,52
fund,870
funders,7
funding,454
fundraiser,61
funeral,118
furthermore,81
futhermore,2
future,1108
fx,4
g7,456
gain,407
gained,165
gaining,78
gallant,183
gallup,9
galushchenko,6
galyat,2
galyon,1
game,344
gang,191
gansu,9
gap,231
garrido,9
gas,642
gather,122
gathered,275
gathering,299
gave,360
gay,110
gaza,5640
gbp,68
gdp,196
gearing,20
general,1910
generate,78
generation,308
geo,311
geographic,19
geographically,8
geological,31
geopolitical,334
george,181
georgieva,11
geosynchronous,4
german,470
germany,905
ghoshal,6
ghulam,51
giorgia,97
girl,819
given,973
giving,271
global,2056
globally,159
globe,46
gmt,221
goal,462
goaltender,2
god,128
going,1204
golan,31
gold,490
gone,356
good,835
goodwill,25
gool,1
gop,44
got,550
gov,103
governed,96
government,6342
governmental,29
governor,455
govt,754
gps,74
grabbing,30
gradually,99
graduated,44
graham,21
grandchild,46
grant,214
grappling,123
gratitude,137
grave,148
great,499
greater,336
green,426
greene,18
greenonions875won,2
greenwashing,1
grew,160
grey,45
grief,36
grieving,25
grip,57
grocery,54
gross,96
ground,1185
groundbreaking,48
group,4108
grow,124
growing,868
growth,482
guarantee,168
guard,944
guardian,114
guarding,13
guidance,105
guide,184
guided,100
guiding,29
guilty,530
guinness,20
guise,49
gulf,306
gun,527
gunardi,2
gunfire,116
gunman,240
gunned,31
gunpoint,5
gunshot,93
guterres,96
guy,105
gym,26
habibullah,3
hafiz,23
hagari,101
hailed,140
hainan,40
haitham,9
haiti,92
half,561
hall,235
halt,298
halted,169
halting,46
hamas,4149
hamie,1
hammad,3
hand,645
handed,152
handful,61
handling,170
haniyeh,118
hannah,9
hapi,1
happen,244
happened,405
happens,116
happiness,32
haqqani,8
harassment,206
hard,295
hardware,51
harm,254
harming,28
haroon,1
harriet,3
harris,164
harrowing,52
harsh,97
harshly,12
hashtags,15
hastily,9
hazara,13
head,1305
headband,5
headed,163
heading,173
headline,53
health,2244
healthcare,105
healthier,11
hear,203
heard,392
hearing,576
heart,330
heartbreaking,37
heaven,15
heavily,361
heavy,981
hebrew,44
hedge,21
hefty,24
height,113
heighten,12
heightened,248
heightening,38
heinous,52
heir,29
heiskanen,2
held,1761
helicopter,653
help,1365
helped,335
helping,217
helpless,22
heralding,11
herd,45
heritage,158
hero,61
heroic,13
heroin,14
hesitate,14
hezbollah,449
hibatullah,4
hierarchy,20
high,2045
higher,557
highest,551
highlight,409
highlighted,745
highlighting,467
highly,264
highway,248
hijacked,6
hijacking,11
hikvision,1
hill,188
hillary,68
hilly,14
hindered,51
hindu,262
hinduism,20
hindutva,6
hire,64
hired,55
hispanic,13
historian,44
historic,350
historical,274
historically,146
history,919
hit,1109
hitched,1
hitting,161
hockey,7
hold,1120
holder,78
holding,526
hole,70
holiday,175
holocaust,49
home,2238
homeless,62
hometown,26
honest,33
honiara,3
honor,127
hoolahan,2
hope,858
hopeful,79
hoping,190
horizon,38
hormuz,8
horrific,70
horrified,25
horrifying,25
hose,3
hospital,1515
hospitalised,57
hospitalized,61
hossein,71
host,370
hostage,1784
hosted,188
hostel,1
hostility,194
hosting,113
hot,229
hotbed,12
hotel,371
hour,1473
house,2836
housing,274
houthi,292
houthis,320
huawei,42
hub,213
huge,396
hugely,15
human,1731
humanitarian,1051
humble,18
hunger,123
hunt,54
husband,303
hush,245
hushed,1
hussein,36
hydroelectric,34
hydrogen,12
hydropower,80
hyun,2
id,111
idea,323
ideally,2
identical,18
identification,78
identified,701
identify,183
identifying,80
identity,339
ideological,16
ideology,65
idf,274
ignited,94
ignore,42
ii,251
iii,142
ilahi,2
ilam,2
ill,65
illegal,494
illegally,242
illicit,86
illness,139
illustrated,9
illustrating,15
image,764
imagery,68
imam,40
imbalance,20
imf,743
immaterial,2
immediate,738
immediately,856
immense,83
immigration,394
imminent,111
immunity,55
impact,960
impacted,167
impartial,7
impassioned,3
impediment,8
impeding,15
imperative,60
implement,179
implementation,151
implemented,146
implication,303
implicit,23
imply,11
import,421
importance,640
important,863
imported,107
imposed,438
impossible,75
impressive,69
imprimatur,1
imprisoned,99
imprisonment,106
improve,236
improved,122
improving,122
impunity,47
imran,800
inability,49
inadvertently,50
inaugural,80
inauguration,183
incapacitating,1
incarcerated,81
incest,9
inch,83
incident,2580
incite,34
inciting,46
include,777
included,811
includes,698
including,5610
inclusion,85
inclusive,47
income,297
incoming,129
increase,1040
increased,624
increasing,609
increasingly,586
incredible,30
independence,414
independent,572
independently,106
index,75
india,3536
indian,2673
indicate,211
indicated,261
indicates,102
indicating,217
indication,96
indicator,59
indicted,58
indictment,118
indirect,30
indirectly,28
indiscriminate,32
indiscriminately,20
individual,1510
indonesia,362
indus,39
industrial,233
industry,747
inevitable,43
infant,37
infiltration,26
inflame,9
inflaming,20
inflation,453
influence,827
influencer,18
influential,120
influx,71
information,1085
informed,413
infrastructure,769
infrequently,3
inhabitant,27
inhuman,4
initial,465
initially,439
initiated,280
initiation,11
initiative,626
injured,1392
injury,860
inked,26
inmate,80
innocent,110
innovate,2
innovation,132
input,1578
inquirer,3
inquiry,242
insecurity,49
inside,865
insider,121
insight,102
insist,32
insisted,224
insistent,12
inspector,116
inspiration,19
instability,119
instal,1
installed,84
instance,242
instant,19
instead,489
instigate,7
instinctive,1
institute,498
institution,525
instructed,112
instrumental,55
insufficient,73
insurgency,44
insurrection,14
integral,48
integrated,81
integrating,41
integration,62
integrity,190
intellectual,33
intelligence,1117
intended,320
intense,364
intensification,19
intensified,253
intensifying,108
intent,122
intention,267
intercept,75
intercepted,146
intercepting,14
interception,39
interceptor,74
interfax,21
interference,310
interior,325
intermodulation,4
internal,336
international,4320
interruption,17
intersection,38
intervene,77
intervened,105
intervention,207
interview,744
intolerant,3
introduced,279
introducing,45
invaded,81
invader,12
invaluable,20
invasion,744
invest,107
invested,82
investigated,119
investigating,264
investigation,1425
investigator,175
investment,998
investor,214
involve,179
involved,1116
involvement,521
involving,430
ipsos,9
iran,2762
iranian,1007
iraq,328
iraqi,152
ire,21
ireland,237
irgc,28
irish,115
irna,26
iron,128
ironclad,38
irrespective,21
isfahan,98
ishim,7
isi,172
islamabad,1282
islamic,724
islamist,234
islampura,6
island,1491
islander,8
isle,34
ismail,169
isolated,160
isolation,83
ispr,38
israel,7647
israeli,5047
issuance,31
issue,2291
issued,1029
issuing,96
ist,339
italian,285
italy,454
ite,2
item,263
itinerant,5
itinerary,19
jagdeep,10
jail,731
jailed,245
jake,118
james,161
jan,141
january,680
japan,886
japanese,456
jason,30
jat,1
javed,63
jayes,1
jeremy,67
jerome,14
jersey,108
jerusalem,293
jet,580
jew,106
jewellery,36
jewish,482
jihad,95
jim,26
jinnah,36
jinping,405
jinsong,1
job,640
joe,1201
joel,20
johannesburg,32
john,341
johnson,265
join,492
joined,325
joining,111
joint,914
jordan,284
jordanian,107
joseph,41
journal,180
journalist,864
journey,361
jr,68
judge,1405
juicyfields,2
july,722
jump,57
junction,19
juncture,41
june,1559
jung,2
junior,51
junked,1
junta,296
justice,1245
justified,37
justify,25
justin,115
kabul,262
kaghan,9
kahkonen,2
kailer,1
kamala,37
kandahar,33
kappo,1
karachi,463
karakoram,26
karate,1
karen,76
kashmir,198
kate,523
kathrada,1
kazakhstan,106
keen,89
keeping,224
keir,226
keiran,3
kejriwal,36
kenilorea,3
kensington,48
kept,333
kerman,2
kerry,2
key,1248
khaama,47
khalil,63
khamenei,225
khan,1922
kharkiv,545
khartoum,15
khit,2
khmelnytska,1
khmelnytskyi,8
khomeini,32
khyber,340
kicking,36
kidnapped,75
kidnapping,74
kill,250
killed,3437
killing,959
kilometer,428
kilometre,278
kind,408
king,933
kingdom,462
kinzhal,11
kiselstein,1
kishida,72
kitchen,111
km,367
kneel,8
knew,130
knife,161
know,999
knowing,57
known,1333
knu,14
kohistan,6
konecny,2
korea,1850
korean,818
kot,17
kotin,1
kp,78
kraken,3
kramatorsk,11
kristalina,12
kristina,1
kritenbrink,6
kudinov,1
kurdish,33
kurgan,11
kurilla,11
kyauk,5
kyiv,744
labeling,57
labour,1423
labourer,34
lack,509
lady,165
lahore,324
laid,190
lakhpat,13
lakshadweep,10
lame,10
land,587
landing,317
landmark,169
landmine,30
landmines,15
landscape,263
landslide,302
language,251
lapse,16
large,816
largely,456
larger,261
largest,776
laser,39
lasted,109
lasting,146
late,1069
later,1515
latest,983
latex,2
latino,17
latvia,21
lauded,34
laudium,1
laugh,12
launch,1056
launched,1311
launching,200
laundry,8
laura,32
lavrov,36
law,3098
lawyer,820
lay,130
layer,69
layerthe,2
le,945
lead,922
leader,3824
leadership,683
leading,1129
league,152
leak,155
lean,15
leaning,27
learnt,8
leave,698
leaving,617
lebanese,173
lebanon,437
led,1530
left,1290
legal,1338
legalization,25
legalize,16
legalized,9
legalizing,5
legally,128
legislation,486
legislative,188
legislator,63
legislature,90
lehigh,2
leibensperger,1
leji,1
lender,140
lending,35
lengthiest,2
lengthy,54
lesbian,8
lesser,17
let,380
lethal,84
letter,482
level,1077
levelled,17
leverage,80
li,372
liaison,10
liaoning,6
liberal,168
liberated,22
libya,51
licence,63
lie,217
life,2116
lifeless,20
lifeline,34
lifesaver,3
lifestyle,103
lifetime,43
lifting,57
light,413
lightly,6
like,2824
likeliest,1
likely,1231
limit,320
limited,499
limpet,2
line,1113
link,292
linked,414
linking,55
list,410
listed,126
literally,31
littering,11
little,576
liu,19
live,569
lived,135
lively,7
living,544
liz,40
lloyd,116
lme,3
lobbying,21
local,1998
locally,44
located,519
location,472
lockdown,62
lodged,55
logan,8
logic,13
london,1453
lone,36
long,1472
longer,448
longshot,7
look,675
looked,177
looking,372
loose,32
loosen,8
lori,11
lose,186
losing,189
loss,698
lost,880
lot,532
loud,60
loudspeaker,90
love,283
loved,241
low,368
lowe,6
lower,383
lowest,93
loyal,30
luce,2
luck,23
luckily,15
lunged,5
lunging,15
lurch,2
luxon,53
luxury,171
lying,174
machine,195
macroeconomic,57
macron,759
madani,4
madrid,110
mae,31
magistrate,62
magnitude,113
mahawar,8
mahomed,1
mahzoom,2
mail,309
main,1020
maintain,499
maintained,257
maintaining,357
maintains,181
majali,1
majid,2
major,1508
majoritarian,2
majority,782
makale,8
make,1907
making,1061
malakand,21
maldives,801
maldivian,226
male,329
mali,42
malice,8
malicious,62
mall,101
malnourished,13
malnutrition,74
malsha,2
mamlaka,5
man,1510
manage,198
managed,353
management,433
manager,162
managing,177
manasseh,5
manchester,47
mandate,172
mandokai,1
manhattan,208
manifesto,89
manila,249
manjot,1
manned,44
manslaughter,24
manuel,67
manufacturer,138
manufacturing,134
mao,113
march,1461
marcos,124
margin,81
marijuana,112
maritime,486
mariyam,6
marjorie,8
mark,755
marked,301
market,758
marketing,107
marking,310
marriage,316
married,188
marry,50
marshal,27
marshall,17
martial,39
martin,117
mass,421
massacre,71
massive,413
master,82
matato,6
match,131
matchup,4
math,47
matkovits,1
matriarch,2
matter,907
mattera,1
matthew,117
mattress,11
maturing,8
maximize,16
maximum,215
mayfair,8
mayhem,4
mayor,436
mayoral,112
mccarthy,13
mccormick,6
mdp,48
mea,122
mean,680
meant,303
measure,1303
mecca,116
meddlesome,1
mediation,55
mediator,209
medical,1040
medicinal,20
medicine,180
mediterranean,71
medium,3613
meet,875
meeting,1944
megacity,9
megapascals,1
megawatt,29
mehr,2
mehrabad,3
meloni,251
melting,35
member,2794
meme,79
memorabilia,12
men,1013
mengal,1
mental,249
mention,165
mentioned,452
mentioning,42
mercator,9
mercia,3
mercilessly,1
mere,95
merely,44
mess,14
message,860
messaging,96
met,864
metal,147
meter,190
method,135
metre,112
miami,29
michael,310
microelectronics,17
middle,796
middleton,209
mideast,33
midnight,135
midway,4
migrant,634
mike,126
mile,884
milestone,96
militant,1455
military,7845
militia,165
million,3251
min,46
mind,142
minimizing,16
minimum,157
minister,7212
ministry,2747
minns,11
minor,283
minority,392
minus,21
minute,366
mir,37
miro,1
misguided,12
mishal,2
misra,7
missile,2251
missing,543
mission,1051
mistake,125
misto,1
misunderstanding,64
mix,94
mob,251
mobile,207
mocking,20
mod,45
mode,24
model,402
moderate,91
modern,245
modernisation,28
modest,61
modi,896
moe,25
moei,5
mofa,1
mohamed,195
mohammad,188
mohammadreza,2
mohammed,254
moment,557
momentum,149
monarch,69
monarchy,60
monday,2531
monetary,302
money,1000
monitored,75
monitoring,312
montgomery,37
month,4079
moon,413
moore,21
moosa,12
morning,804
morrison,18
mortar,60
mortgage,11
mosakhail,3
moscow,1336
mosque,185
mossad,19
mother,529
motif,56
motion,111
motivation,67
motive,79
motorbike,56
motorcycle,44
mound,19
mount,302
mountain,325
mountainous,71
mounted,75
mourner,15
mouth,44
moved,548
movement,729
moving,355
mozambique,14
mp,263
mr,94
mrat,5
msc,41
mud,53
muhammad,223
muhari,26
muhlenberg,1
muizzu,436
mujahid,43
mukherjee,2
multilateral,40
multilayered,3
multiple,797
mundane,6
municipal,49
munu,3
murad,16
mural,3
murder,457
murdered,87
murderer,10
murky,12
musakhel,1
muscular,32
music,165
muslim,665
mutual,273
mv,39
myanmar,481
myawaddy,45
na,55
nabi,20
naing,5
najibullah,2
named,545
naming,34
naomi,48
naran,2
narendra,295
narrow,141
narrowed,15
narrowly,57
naseebullah,1
nation,2967
national,4460
nationalism,13
nationalist,90
nationwide,261
natural,317
nature,418
naushki,1
nautical,61
naval,555
navigate,92
navigates,31
navigating,32
navigation,122
navy,581
nca,8
near,1702
nearby,612
neared,16
nearing,38
nearly,1246
nec,12
necessary,659
necessitates,5
necessity,136
nee,10
need,2205
needed,577
negative,227
negev,3
negligence,17
negotiating,115
negotiation,739
neighbour,152
neighbourhood,136
neighbouring,191
neighbourly,8
nerdy,3
net,204
netanyahu,1555
netishyn,1
network,644
networking,2
neutral,117
neutralised,2
neutralize,18
neutralized,12
neutralizing,1
new,10195
newborn,22
newfound,11
newly,163
news,2617
newsletter,4
newspaper,488
nh,42
nhl,2
nice,28
nichols,11
nick,21
nigel,68
niger,105
night,984
ning,41
noise,48
noncitizen,4
noon,26
normal,246
normally,68
north,2647
northampton,2
northeast,234
northern,997
northernchernihiv,1
northwestern,133
nose,23
nosedived,4
noshki,12
notable,157
notably,261
noted,776
notice,254
notifying,22
noting,306
notorious,40
november,728
nowadays,9
nsw,4
nuclear,1898
number,1959
numerous,486
nurse,60
nurtured,1
nushki,6
oath,72
obituary,5
object,187
obligation,150
obscurity,4
observed,191
observer,169
obstacle,120
obstructed,30
obstructing,32
obstruction,40
obvious,72
occasion,152
occasional,42
occupation,158
occupied,268
occupy,27
occupying,42
occur,138
occurred,778
occurs,87
ocha,14
october,1239
oecd,1
oettinger,2
offence,87
offender,95
offense,71
offensive,1100
offer,467
offered,385
offering,195
office,2114
officer,1471
official,6444
offset,36
oil,667
olaf,96
old,417
older,220
oldest,99
oleh,51
oleksandr,47
olsen,3
omaima,1
oman,41
omar,104
onboard,88
ongoing,1630
onion,34
online,559
onslaught,37
onward,26
onwards,18
open,745
opened,427
opening,260
operate,211
operates,112
operating,421
operation,2537
operational,378
operative,74
operator,158
opinion,412
oppo,4
opponent,278
opportunity,571
oppose,120
opposes,68
opposite,46
opposition,1291
optical,10
option,298
orban,39
orbit,227
orchestrated,55
ordeal,68
order,1344
ordered,507
ordering,82
ordinary,115
ordnance,33
orenburg,6
organisation,519
organization,774
organizational,3
organized,207
organizing,34
origin,227
original,139
originally,145
osborne,2
ostensibly,15
oust,30
ousted,69
outage,123
outcome,299
outfit,83
outlaw,12
outlet,316
outline,90
outlined,108
outlook,74
outpost,51
output,56
outrage,169
outraged,18
outscored,1
outside,988
outsider,52
outstanding,63
overall,268
overcome,89
overcoming,23
overnight,390
overrun,27
overseas,200
oversees,40
overshadowed,39
overshadowing,18
oversight,118
overtime,5
overture,6
overturn,101
overturned,101
overturning,24
overview,30
overwhelmingly,42
owed,39
owner,335
ownership,110
owns,53
pa,47
pacific,367
package,638
packed,89
pact,148
page,165
pahad,1
paid,453
pain,102
pained,1
painful,56
pair,129
pakhtunkhwa,316
pakistan,5809
pakistani,1019
palace,479
palestine,406
palestinian,3090
panel,259
panoramic,6
paper,295
paradigm,8
parallel,91
paramedic,22
paramilitary,94
pardon,110
parent,403
pares,1
park,461
parliament,1346
parliamentary,523
parnpree,5
partially,102
participant,127
participated,158
particular,210
particularly,1045
partly,110
partner,932
partnership,540
party,5344
pas,208
passed,519
passenger,954
passing,181
passive,13
past,1343
path,296
patient,314
patrick,34
patriot,130
patriotic,16
patrolling,21
patronizing,6
paucity,3
paul,153
pave,30
pay,515
paying,145
payment,569
peace,1350
peacefully,83
peacekeeper,12
peacetime,8
pedley,3
pen,131
penalty,170
pending,177
penetrated,10
penguin,5
penned,15
pennsylvania,118
pension,47
pentagon,172
people,9446
perceived,162
percent,579
percentage,88
perception,164
performance,217
peril,12
period,601
permanent,443
perpetrator,182
persian,23
persist,86
persisted,50
persistent,75
persists,31
person,960
personal,584
personnel,792
persuade,52
persuading,3
pervomaiske,1
peshawar,148
peter,100
petro,51
petropavlovsk,4
pew,17
pharmaceutical,48
philadelphia,52
philanthropist,16
philip,57
philippine,1160
phone,394
phony,15
photo,512
photograph,115
photographer,49
phrasing,2
physically,67
phyu,5
pick,87
piece,211
pile,60
pilot,340
pim,8
pin,29
pirate,34
pitch,34
pitting,7
pittsburgh,15
pivot,39
pivotal,189
place,1753
placed,250
plague,7
plain,30
plan,2281
plane,664
planned,546
planning,324
plant,487
plantation,23
planted,20
platform,905
plausible,12
play,402
played,322
player,169
playing,139
playoff,8
plea,219
pleaded,214
pleased,43
pledge,184
pledged,268
pledging,22
plummeted,13
plunge,18
plunged,67
pm,1535
podcast,53
point,1122
pointed,248
pointing,109
poland,244
pole,76
police,4862
policeman,112
policewoman,7
policy,1843
political,2900
politically,184
politician,488
politics,493
poll,982
polling,173
pollution,68
pontiff,17
ponzi,4
poor,216
poorer,21
pope,152
popular,398
popularity,161
populated,185
population,785
populist,82
populous,40
porn,136
port,955
portion,153
porton,1
portuguese,19
pose,342
posed,198
position,1053
positioning,55
positive,323
positively,47
possessed,18
possibility,407
possible,845
possibly,162
post,1883
posted,649
poster,86
postseason,4
potential,1639
potentially,627
pound,224
poured,44
poverty,137
power,2709
powerful,479
practical,74
practice,476
praise,24
praised,177
praising,40
prayer,160
praying,29
prc,67
precarious,50
precariousness,1
precaution,49
precautionary,58
precedent,68
preceding,21
precision,73
predecessor,126
predicted,144
predominantly,87
preecharush,5
preference,72
preferred,39
pregnancy,36
pregnant,61
preliminary,207
premier,452
premise,64
preparation,158
prepare,110
prepared,274
presence,702
present,516
presented,258
preserving,30
presided,43
presidency,295
president,6739
presidential,830
press,1260
pressed,88
pressing,131
pressure,1153
pressured,38
pretext,19
pretoria,4
prevail,26
prevailed,12
prevailing,73
prevent,664
prevented,124
preventing,166
previous,857
previously,952
price,922
priced,27
pricing,88
primarily,226
primary,317
prime,3589
prince,894
princess,436
principle,247
prior,205
priority,275
prison,794
prisoner,405
privacy,107
private,701
privately,64
prize,93
probably,208
probe,246
problem,605
procedure,186
proceeding,283
processing,75
proclaiming,3
produced,133
product,615
production,415
professional,257
professionalism,15
professor,343
profile,153
profit,126
programme,586
progress,525
progressive,100
prohibited,114
prohibiting,54
project,1408
projected,153
prolonged,170
prominence,30
prominent,256
promise,317
promised,281
promising,108
promote,254
promoter,4
promoting,155
prompt,57
prompted,294
prompting,308
promptly,95
prone,63
pronounced,58
proof,64
propellant,8
propelled,29
property,624
proponent,17
proposal,943
proposing,31
prosecution,303
prosecutor,1097
prospect,257
prosperity,102
protect,712
protected,114
protecting,242
protection,425
protest,2123
protester,1397
protocol,82
proudly,22
prove,99
proved,64
proven,37
provide,949
provided,703
provides,169
providing,554
province,1342
provincial,325
provision,192
provoking,40
proxy,64
psychological,102
pti,1163
pubg,2
public,3171
publication,58
publicly,387
published,496
pull,65
pulled,219
pulling,38
pump,48
punish,76
punished,54
punjab,540
puppet,42
purchase,185
purpose,283
pursued,76
pursuing,176
push,491
pushed,300
pushing,218
putin,1758
putting,242
pyongyang,250
qassem,5
qatar,648
qiang,117
quake,74
quality,174
quarter,259
quds,24
queen,239
queenland,1
queensland,21
quell,24
quelled,12
question,802
questioned,191
questioning,132
quetta,89
queued,7
quick,81
quickly,470
quite,138
quota,38
quoted,423
rabbani,4
race,382
racial,48
radar,197
radio,175
raf,80
rafael,34
rafah,2069
raid,324
raided,59
rain,839
rainfall,357
raise,412
raised,736
raisi,543
raising,270
rakhine,138
rally,561
ramaphosa,60
ramp,62
rampage,89
rampant,61
ramzan,2
ran,171
randall,3
random,20
range,525
ranger,71
rank,149
ranking,29
ransom,31
rape,181
rapid,235
rapidly,166
rare,418
rasheed,32
rashtra,2
rate,636
rating,50
ray,43
raze,4
reach,745
reached,708
reaching,280
react,81
reaction,276
reactor,160
read,328
reader,11
readiness,202
reading,133
ready,432
reaffirmed,96
real,514
realised,38
realized,23
really,388
rear,74
reason,521
reasonable,57
reasoning,16
reassigning,1
rebalancing,2
rebel,404
rebound,23
rebuilding,47
rebuke,38
recalled,182
recede,9
received,801
receiving,294
recent,2689
recently,848
reception,90
reckless,46
recognised,85
recognition,188
recognizes,18
recognizing,49
reconstruction,95
record,1179
recorded,257
recording,77
recounted,101
recover,123
recovered,203
recovering,74
recovery,296
recreational,44
recuperate,2
red,708
redirected,15
reduce,327
reduced,233
reduces,21
reducing,153
reference,196
referred,238
referring,301
refers,45
reflected,69
reflecting,189
reflection,56
reflects,269
reform,633
refrain,84
refuelling,18
refuge,182
refugee,568
refusal,98
refusing,92
regain,81
regaining,21
regains,10
regarded,30
regarding,706
regardless,71
regime,317
region,3023
regional,1182
regionwide,1
registered,197
registering,31
registration,41
regret,93
regrettable,10
regrettably,20
regular,296
regularly,222
regulation,270
regulatory,150
rehana,1
reign,26
rein,52
reinforce,57
reintroduction,3
reiterated,296
reject,132
rejected,347
related,741
relation,1240
relationship,877
relative,320
relatively,168
relax,19
relaxation,11
relaxing,28
release,1142
released,1074
releasing,66
relevant,170
reliable,108
reliance,69
relief,482
religion,73
religious,466
relocate,54
reluctant,58
relying,74
remain,1113
remained,513
remaining,348
remains,1246
remark,500
remarkable,99
remarked,113
rematch,27
remedy,12
remember,111
remembered,19
reminder,129
reminiscent,26
remote,213
remove,269
removed,291
removing,86
rendered,28
renew,37
renowned,100
renting,10
reopened,95
reopening,67
rep,20
repaid,9
repatriate,21
repatriation,68
repeated,266
repeatedly,589
repeating,39
repelled,29
repercussion,69
replace,208
replicating,6
report,4583
reported,3900
reportedly,577
reporter,635
reporting,205
represent,170
representation,112
representative,666
represented,108
represents,202
reprisal,29
reproductive,24
republic,479
republican,1028
reputation,131
request,693
requesting,79
require,192
required,318
requirement,228
requiring,93
rerouted,8
rescue,505
rescued,169
rescuer,117
research,676
resemblance,11
reservation,50
reserve,282
reset,33
resettlement,1
reside,7
residence,221
resident,1327
residual,3
resign,72
resigned,135
resilience,158
resistance,295
resisting,34
resolute,42
resolution,509
resolve,263
resolved,72
resolving,83
resonate,27
respect,419
respecting,36
respective,75
respond,439
responded,387
respondent,73
responder,93
responding,151
response,1924
responsibility,399
responsible,580
responsibly,24
rest,273
restart,44
restive,54
restrain,33
restraint,102
restrict,97
restricted,115
restricting,63
restriction,484
restructuring,74
result,1252
resulted,577
resulting,520
resume,207
resumed,106
resumption,57
resurfaced,11
resurgence,47
retained,42
retaliate,45
retaliation,235
retaliatory,298
retired,150
retirement,72
retiring,15
retreat,42
retreated,21
return,1227
returned,472
returnees,2
returning,171
reuters,629
revamp,10
reveal,65
revealed,584
revelation,110
revenge,66
reverse,79
reversed,44
review,431
reviewed,98
revoking,19
revolution,84
revolutionary,150
revolving,10
reward,66
reza,25
rhetoric,105
ria,50
ribbon,14
rich,129
ride,77
ridicule,8
ridiculing,2
rife,16
rifle,102
right,3247
rigid,18
rigorously,5
rini,1
rio,120
riot,214
rioter,25
rip,15
ripple,24
rise,496
risen,128
rishi,626
rising,456
risk,1497
risked,36
risking,15
risky,60
rival,392
river,579
riverside,10
rnc,20
road,920
rob,21
robber,12
robbery,54
robertson,5
robs,5
robust,154
rocha,15
rocked,51
rocket,665
rod,12
roe,30
roger,16
rogov,1
rohan,2
role,1210
rolled,46
rollover,24
rome,99
ronnie,3
room,299
rope,25
rose,184
roster,10
rough,36
roughly,234
round,425
route,654
row,85
royal,1184
royalty,18
rsf,60
rubble,115
ruchir,2
rugby,5
ruined,11
rule,968
rulebook,5
ruled,342
ruler,109
ruling,1112
rumbling,2
rumor,25
rumour,17
run,675
running,424
rural,174
rush,65
rushed,136
rushing,39
russia,5655
russian,3783
rust,17
rwanda,440
ryan,16
sacrificed,15
saddam,6
saddened,28
saeed,69
safe,610
safeguard,190
safety,1370
saga,33
said,30054
saint,42
sake,60
salary,52
sale,402
saleem,2
salman,110
salute,55
samba,15
samer,2
samuel,24
san,260
sanandaj,2
sanction,1110
sandringham,13
sarabjit,14
sarah,45
sarfaraz,39
sarfraz,6
satellite,868
satisfaction,32
saturday,2213
saudi,1019
savagely,1
save,202
saved,92
saving,86
saw,620
say,3158
saying,2042
sbti,8
scam,116
scandal,216
scanned,6
scar,13
scene,541
scenic,40
sceptical,7
schappell,4
schedule,174
scheduled,587
scheme,232
schnecksville,1
scholz,172
school,1658
schoolteacher,6
schwarzman,6
science,317
scientist,291
scmp,56
score,117
scoring,9
scott,143
scramble,13
scrambling,18
scranton,1
screaming,32
scrutiny,201
scud,3
sea,1650
seal,31
sealed,49
search,649
searched,41
searching,147
season,352
seasonal,49
seat,1054
seattle,39
second,1401
secret,355
secretary,1269
secretly,35
sector,741
secular,18
secure,490
secured,275
secures,17
securing,192
security,5201
seeing,216
seek,785
seeker,154
seeking,773
seeler,1
seema,2
seemingly,101
seen,1539
seized,587
seizing,77
seizure,133
seldom,11
selflessness,1
sell,174
senate,312
send,422
sending,361
senior,1277
sense,236
senseless,17
sensitive,279
sensor,29
sent,827
sentence,418
sentenced,307
sentencing,97
sentiment,193
seoul,287
separate,490
separation,45
separatist,298
september,396
serf,206
sergei,89
series,603
seriously,192
seriousness,31
sermon,14
serve,297
served,385
service,2209
servicemembers,12
serving,363
servitude,1
session,463
set,2048
setback,154
setting,334
settlement,190
settling,4
seven,979
seventh,70
severe,894
severely,140
severity,85
sexual,463
sexually,72
shader,13
shadow,155
shah,170
shall,56
shane,3
shanghai,192
shangla,28
shape,94
shaping,41
shaposhnikov,1
shapps,62
share,606
shared,865
shareef,2
sharia,17
sharif,1024
sharing,254
sharma,73
sharply,77
shattered,48
sheet,100
shehbaz,505
shekel,11
shell,148
shelled,25
shelling,194
shelter,391
sheltered,6
shenzhen,29
sheriff,111
sheva,10
shi,6
shield,120
shift,543
shifted,196
shifting,81
ship,1298
shipping,388
shiraz,3
shiuna,10
shivdeep,1
shock,166
shocked,147
shocking,61
shoe,68
shook,40
shoot,68
shooting,450
shootout,12
shop,192
shopper,17
shopping,116
shore,122
short,439
shortcoming,8
shorter,37
shortly,376
shot,814
showcase,104
showcased,42
showed,772
showered,3
showing,310
shown,198
shrank,11
shrapnel,27
shrewsbury,2
shumkov,3
shut,198
shutout,2
shuttered,48
siamese,1
sibling,48
sichuan,15
sidelining,8
siding,15
sign,628
signal,379
signaling,60
signalling,17
signature,57
signed,609
significance,201
significant,2464
significantly,420
silence,205
silent,80
silently,5
silvia,3
similar,769
similiar,2
simon,44
simplify,6
simply,182
sincerely,4
sincerest,7
sindh,231
singh,409
single,324
sinha,8
sinwar,93
siren,60
sister,175
site,844
sits,76
sitting,189
sittwe,20
situated,184
situation,1830
sixth,82
size,166
skepticism,58
skill,81
skull,28
sky,267
slap,14
slate,23
slated,72
slaughtered,8
sleep,95
sleeping,64
slew,28
slightly,73
sling,8
slip,28
slipped,24
slot,24
sluggish,22
small,983
smart,44
smartphone,29
smartphones,35
smith,112
smoking,74
snap,177
snatched,24
snub,10
snyder,3
soar,25
soared,102
soaring,81
soccer,24
social,2038
socialism,6
societal,65
society,417
sogavare,16
soil,228
solar,256
soldier,946
soleimani,8
solemn,29
solid,64
solidarity,264
solo,21
solomon,45
solution,388
solve,52
somali,15
somalia,36
somaliland,3
somewhat,31
son,726
soon,574
sooner,16
soontornlekha,2
sop,7
sophie,1
sophisticated,84
sorrow,67
sort,90
sot,31
sought,611
sound,152
sounded,49
source,1376
south,3128
southeast,287
southern,1575
southwest,194
southwestern,143
sovereign,167
sovereignty,332
soviet,155
sowing,31
space,1608
spain,253
span,73
spanish,156
spanned,16
spark,32
sparked,549
sparking,96
speak,269
speaker,391
speaking,533
special,773
specialises,3
specie,69
specific,457
specifically,143
specify,60
spectacular,34
specter,7
speculation,230
speech,734
speed,196
spend,223
spending,408
spent,331
spill,33
spillover,19
spina,1
spiral,46
spiraling,11
spirit,78
splashing,2
split,92
spoil,3
spoke,528
spoken,121
spokesman,748
spokesperson,1416
spokeswoman,95
sporadic,47
sporting,25
spot,219
spotlight,61
spouse,89
sprawling,59
spread,336
spreading,113
spree,33
spring,219
squabble,5
square,207
srettha,25
ssg,2
stab,36
stabbed,109
stabbing,99
stabbings,3
stabilisation,24
stabilise,35
stability,548
stable,182
staff,751
stafford,2
stage,478
staggering,79
stake,182
stakeholder,93
stalled,138
stance,407
stand,744
standard,394
standby,73
standing,308
standstill,13
staple,13
star,424
stared,5
stark,146
starmer,388
start,702
started,804
starting,293
starvation,74
starved,5
state,8530
stated,1312
statement,3398
statewide,26
stating,543
station,818
stationed,138
statistic,83
statue,111
status,395
statutory,26
stay,631
stayed,131
steadily,52
stealing,41
steel,99
steep,39
steer,33
stellar,23
stem,125
stemming,73
step,1015
stepped,290
stepping,84
stern,54
steve,57
stick,118
stigma,3
stillborn,1
stir,27
stirred,57
stock,178
stoke,12
stolen,108
stood,192
stool,1
stop,975
stopped,296
storage,125
store,262
storeroom,2
storm,737
stormy,152
story,695
strained,154
straining,31
strait,306
stranded,113
stranger,34
strategic,1130
strategically,105
strategy,629
streak,15
stream,107
streamline,16
street,815
strength,220
strengthen,387
strengthened,62
strengthening,184
stressed,332
stressing,85
stretch,77
stretched,26
strict,141
stricter,42
strike,2271
striking,146
string,107
stringent,92
strip,615
strive,16
strong,900
stronger,159
strongest,84
strongly,318
strongman,7
struck,528
structural,50
structure,208
struggle,332
struggling,292
stuart,10
stuck,136
student,2594
study,737
studying,115
stunt,9
subduing,1
subject,290
subsequently,184
subservient,6
subsidiary,44
subsiding,1
subsidised,28
subsidy,112
substantial,314
suburb,71
suburban,29
subversion,65
succeed,64
succeeded,31
succeeds,28
success,324
successful,307
successfully,190
succumbed,108
succumbing,14
sudan,128
sudanese,38
suddenly,66
suez,24
suffer,91
suffered,395
suffering,272
suffers,21
suggest,354
suggested,533
suggesting,379
suggestion,106
suggests,265
suicide,205
suit,131
suk,45
sukhmandeep,1
sulawesi,95
sullivan,160
sultan,35
sum,76
summary,11
summer,399
summit,957
summoned,102
sun,198
sunak,1715
sunday,2367
sunni,53
superintendent,69
superiority,15
supersonic,57
supervised,20
supervision,30
supply,898
supplying,128
support,3571
supported,299
supporter,569
supporting,458
supportive,56
supposed,128
supreme,734
surf,5
surfaced,79
surge,263
surged,122
surgery,143
surpassing,56
surprise,199
surrendered,12
surrey,50
surrogacy,11
surround,13
surrounding,368
surroundings,7
survey,287
survive,121
survivor,134
suspect,622
suspected,454
suspended,399
suspending,50
suspension,228
suspicion,200
sustainability,80
sustained,312
sustaining,35
swap,29
swarm,19
swat,70
sweat,5
sweeping,108
swift,203
swiftly,148
swing,86
swinging,3
switch,53
switched,24
sydney,198
syed,61
symbol,158
symbolic,73
symbolism,15
syniehubov,41
syria,338
syrian,138
syrsky,17
ta,70
table,126
tactic,296
taftan,7
tahir,46
tainted,35
taisi,2
taiwan,2193
tajani,38
tak,2
taken,1802
taking,1049
taliban,706
talk,1555
talking,196
tall,41
tamba,28
tamir,4
tampered,3
tana,5
tanker,94
taoiseach,13
target,1173
targeted,823
targeting,705
tarnished,11
tattoo,10
taw,2
tax,965
taylor,109
teach,34
teacher,143
team,1144
teammate,12
tear,165
tech,221
technical,216
technically,55
technological,187
technology,1078
teenager,135
tehran,406
tel,233
telecommunication,72
telegram,184
telephone,68
telephoned,1
telephonic,12
televised,109
tell,236
telling,211
temperature,759
tempering,1
template,4
tense,117
tension,1358
tenure,159
term,1125
termination,14
terrible,63
terrified,41
territorial,311
territory,1301
terror,316
terrorism,413
terrorist,868
test,783
testimony,352
testing,228
texas,399
text,203
thai,47
thailand,153
thammasat,8
thank,127
thanked,111
thanks,113
thavisin,13
theory,147
thet,5
thing,707
think,986
thinking,102
thit,2
thorny,13
thought,416
thousand,1143
threat,1588
threaten,96
threatened,356
threatening,212
threatens,104
threshold,59
throne,66
thrust,16
thumbing,3
thursday,1958
thwart,51
thwarted,40
tiantong,12
tie,1294
tieswith,2
tight,87
tiktok,386
time,4968
timeline,68
timol,1
title,81
titled,81
tobol,14
today,732
toe,15
tokmak,5
told,4086
tolerated,26
toll,472
tolonews,12
tomlinson,1
tomorrow,66
tonight,40
took,1766
tool,258
toowoomba,5
topic,156
topped,11
topping,7
toraja,4
torched,26
tore,25
torture,108
tortured,43
tory,394
total,721
totaling,40
totalling,11
touch,166
touched,131
tough,206
tougher,83
toughest,15
tour,326
tourism,332
tourist,582
tourniquet,3
touted,20
touting,7
tower,103
town,1087
township,44
track,259
tracked,39
traction,24
trade,1550
trading,165
tradition,156
traditional,474
traditionally,116
traffic,308
trafficking,187
tragedy,162
tragic,294
tragically,64
trail,119
trailing,74
train,414
trained,59
trainer,37
trajectory,48
tranche,56
transfer,324
transferred,136
transgender,57
transient,11
transition,153
translates,15
transparent,45
transport,268
transported,152
transporting,82
trapped,126
travel,825
traveled,103
traveler,45
traveling,147
travelled,96
travis,23
treat,104
treated,210
treating,49
treatment,718
trend,215
trial,1334
tribal,91
tribe,52
tribute,54
tried,415
trigger,129
triggered,405
triggering,85
trilateral,50
trillion,143
trip,634
tripled,14
tripling,8
trivial,13
troop,1120
trouble,137
troubling,48
true,156
truly,105
trump,4624
truss,45
trust,220
trusted,73
try,524
trying,896
tucson,8
tuesday,2301
tumultuous,20
tun,44
tunektepe,1
turbine,15
turbojet,1
turbulence,312
turkey,213
turmoil,144
turn,429
turned,352
turning,128
turnout,48
tv,343
twan,5
tweet,46
twice,204
twin,47
twitter,214
type,254
typically,222
tyumen,6
uae,339
uavs,65
uk,2573
ukraine,5127
ukrainian,1601
ultimate,63
ultimately,229
unacceptable,161
unaccounted,20
unaccustomed,3
unaffiliated,4
unbearable,25
unbuilt,1
uncertain,127
uncertainty,222
unchanged,29
unclear,229
uncomfortably,7
uncovered,58
undergoing,150
underline,40
underlined,33
undermine,126
underneath,7
underscore,387
underscored,140
underscoring,142
understand,241
understandably,3
understanding,283
underway,153
undo,8
unexpected,97
unexpectedly,37
unexploded,43
unfair,105
unfavorable,9
unfold,62
unfolded,66
unfolding,75
unfolds,14
unforgivable,6
unfortunate,93
unfounded,37
unhcr,26
unidentified,95
unified,30
uniform,66
unilaterally,35
unintentional,5
union,843
unique,165
unit,517
united,3991
unity,154
universal,43
university,3032
unknown,144
unless,160
unlike,152
unlikely,198
unmanned,76
unnamed,79
unnecessary,77
unpopular,40
unprecedented,420
unpredictable,57
unspeakable,7
unspecified,38
unstable,39
unstoppable,3
untrue,13
unveiling,40
unverified,3
unwavering,78
upcoming,395
update,215
updated,203
upgrade,143
upgraded,60
upheld,47
upper,175
uprising,41
uproar,30
upset,60
uptick,40
ural,7
urban,185
urge,162
urged,862
urgency,106
urgent,291
urgently,116
urging,412
usa,128
usd,486
use,1659
used,1916
usgs,9
using,1224
usual,98
usually,216
utmost,47
utterly,23
vadim,6
vadym,3
valery,14
validated,9
valley,242
valuable,78
value,433
vancouver,51
variation,14
variety,90
various,1156
vast,287
vatican,90
veered,40
vegetable,52
vehicle,995
venezuela,69
verifier,1
verify,70
verifying,16
versatile,15
version,189
versus,18
vessel,969
vibrant,98
vice,310
victim,1106
victor,29
victory,564
video,1807
view,792
viewed,185
viewing,37
viewpoint,26
vigil,46
vigilant,53
vigorous,23
village,667
villager,88
vincent,13
violated,192
violates,29
violation,634
violence,1223
violent,403
viral,222
virtual,82
visibility,69
visible,102
visibly,49
vision,251
visit,2477
visited,387
visiting,260
visitor,265
vital,276
vladimir,588
vocal,72
voice,420
voiced,158
voicing,11
volatile,78
volleyball,4
volodymyr,326
volume,98
voluntary,68
volunteer,136
vote,1535
voted,224
voter,785
voting,224
vow,45
vowed,455
vowing,71
vulnerability,83
vulnerable,237
vyacheslav,27
wad,5
wade,26
wait,206
waiting,238
wake,170
wale,271
walked,112
wall,280
wan,2
wannabe,1
want,1516
wanted,534
wanzhao,4
war,5608
ward,39
warfare,240
warned,1069
warning,1015
warns,42
warplane,119
warship,181
washington,1636
wasting,4
watch,299
watched,144
water,1653
waterway,97
watson,2
wave,436
waved,58
way,1334
waziristan,31
weakened,52
weakest,12
weakness,74
wealthy,91
weapon,2381
weaponry,94
wear,101
wearing,255
weather,1087
webb,26
website,269
wedged,1
wednesday,2172
wee,2
week,3709
weekend,481
weigh,32
welfare,117
wellbeing,23
went,697
west,1493
western,1417
westfield,12
westinghouse,3
westminster,65
whatley,6
wheeled,9
whilst,12
whisking,7
white,1239
wide,206
widely,292
widen,15
wider,253
widespread,447
wielding,30
wife,787
william,411
willing,218
wiltshire,4
win,635
wind,357
windscreen,3
wing,243
winning,210
winterton,1
wiped,32
wipeout,13
withdraw,191
withdrawal,336
withdrawing,34
withdrew,72
withstood,9
witness,566
witnessed,180
witnessing,71
wo,190
woman,2919
wonder,48
wonderful,23
woo,10
wooden,84
word,286
worded,7
work,2006
worked,411
worker,1154
workforce,55
working,1294
workspace,1
world,3477
worrisome,20
worse,149
worsen,46
worsened,57
worsening,81
worship,28
worshipper,48
worth,296
worthington,1
wound,170
wounded,621
wounding,52
wrapped,40
wreckage,93
wrecked,36
wright,7
write,73
writing,133
written,187
wrong,205
wrongly,20
wrote,757
wuhan,30
xi,892
xiaomi,5
xinhua,135
xishuangbanna,6
yahya,105
yamamoto,1
yaqoob,3
yar,98
year,8511
yellow,97
yemen,316
yeol,43
yesterday,80
yevhen,1
yield,40
yoav,124
yokochi,1
yoon,93
york,1381
youde,2
yougov,85
young,639
younger,161
youngest,82
yuan,125
yum,8
yunnan,10
yuqiang,1
yusuf,36
zabihullah,16
zahedi,4
zaporizhzhia,47
zaw,28
zealand,205
zelensky,136
zenglein,2
zero,96
zhang,215
zhanshu,1
zhao,5
zhilv,2
ziad,8
zinc,7
zionist,52
zone,463
zulfikar,6
